"Language","Mean","Median","SD"
"Telugu",1.55410728768393,1,1.26021608919522
"Hindi",3.1975607462295,3,1.7876843215935
