"Word","RTlexdec","z_RT"
"dint",6.8791500219718,4.13719377301509
"char",6.8254600362553,3.63226283614882
"dram",6.82473230137935,3.62541880652579
"chafe",6.79178310272972,3.31554594064352
"lath",6.78821695370589,3.28200786192031
"thwack",6.78754053912817,3.2756464773552
"shuck",6.78615245722289,3.26259217146321
"lisle",6.7751377543673,3.15900368735476
"yang",6.76256764412182,3.04078727403185
